{
  "type_description_msg": {
    "type_description": {
      "type_name": "yolo_detector/msg/BoundingBox",
      "fields": [
        {
          "name": "id",
          "type": {
            "type_id": 6,
            "capacity": 0,
            "string_capacity": 0,
            "nested_type_name": ""
          },
          "default_value": ""
        },
        {
          "name": "label",
          "type": {
            "type_id": 17,
            "capacity": 0,
            "string_capacity": 0,
            "nested_type_name": ""
          },
          "default_value": ""
        },
        {
          "name": "confidence",
          "type": {
            "type_id": 10,
            "capacity": 0,
            "string_capacity": 0,
            "nested_type_name": ""
          },
          "default_value": ""
        },
        {
          "name": "xmin",
          "type": {
            "type_id": 6,
            "capacity": 0,
            "string_capacity": 0,
            "nested_type_name": ""
          },
          "default_value": ""
        },
        {
          "name": "ymin",
          "type": {
            "type_id": 6,
            "capacity": 0,
            "string_capacity": 0,
            "nested_type_name": ""
          },
          "default_value": ""
        },
        {
          "name": "xmax",
          "type": {
            "type_id": 6,
            "capacity": 0,
            "string_capacity": 0,
            "nested_type_name": ""
          },
          "default_value": ""
        },
        {
          "name": "ymax",
          "type": {
            "type_id": 6,
            "capacity": 0,
            "string_capacity": 0,
            "nested_type_name": ""
          },
          "default_value": ""
        }
      ]
    },
    "referenced_type_descriptions": []
  },
  "type_hashes": [
    {
      "type_name": "yolo_detector/msg/BoundingBox",
      "hash_string": "RIHS01_2d22c8be156ea39422c5866cd174aea3121ba11a94029bb616decd0f2dc1009b"
    }
  ]
}